{"loss": [1.627684473991394, 1.0721989870071411, 0.6961438655853271, 0.37088292837142944, 0.15526512265205383, 0.0930861234664917, 0.06357049942016602, 0.06890418380498886, 0.04784030839800835, 0.054385144263505936, 0.06485037505626678, 0.02819046378135681, 0.03851434588432312, 0.04448370262980461, 0.03874414786696434, 0.03305662050843239, 0.04625219851732254, 0.03152775391936302, 0.01794394478201866, 0.031044837087392807], "accuracy": [0.43516042828559875, 0.6392761468887329, 0.7665680050849915, 0.8747135400772095, 0.950630247592926, 0.97187739610672, 0.9806627035140991, 0.9785618782043457, 0.985007643699646, 0.9835274815559387, 0.9794213175773621, 0.9911669492721558, 0.988731861114502, 0.9862490296363831, 0.9883021116256714, 0.9898300170898438, 0.9859148263931274, 0.9905462265014648, 0.994365930557251, 0.990641713142395], "val_loss": [1.146852970123291, 0.7290673851966858, 0.38455986976623535, 0.17108513414859772, 0.08070270717144012, 0.060638874769210815, 0.08092160522937775, 0.10258261114358902, 0.03678311035037041, 0.17634759843349457, 0.03355777636170387, 0.022913476452231407, 0.03592173755168915, 0.0287648756057024, 0.02703179605305195, 0.03542323410511017, 0.03972026705741882, 0.006816977635025978, 0.03613854944705963, 0.015786953270435333], "val_accuracy": [0.6183155179023743, 0.7732047438621521, 0.8929526209831238, 0.9577922224998474, 0.9789915680885315, 0.983814001083374, 0.9742169380187988, 0.9680099487304688, 0.9893525838851929, 0.9470492601394653, 0.9898777604103088, 0.9928380250930786, 0.9877291917800903, 0.9906894564628601, 0.9921218752861023, 0.9894958138465881, 0.988063395023346, 0.9982811212539673, 0.988731861114502, 0.9949389100074768]}